{
    "rmse": 0.6677141001852139,
    "mae": 0.5145652974964943,
    "r2": 0.24828507909939312
}