{
    "rmse": 0.7031884476661667,
    "mae": 0.5618714688394826,
    "r2": 0.24711812579474968
}