{
    "rmse": 0.7822565182368906,
    "mae": 0.6331016203148053,
    "r2": 0.047994616585737115
}