{
    "rmse": 0.700767529245537,
    "mae": 0.5690490668300957,
    "r2": 0.22695008011508244
}